query_0	Who likes Birch Trees?
query_1	Who likes Levels?
query_2	Who likes Stand-up Comedy?
query_3	Who likes Holland Lops?
query_4	Who likes Alligators?
query_5	Who likes Bammy?
query_6	Who likes The Sound of Wind in the Trees?
query_7	Who likes Urban Exploration?
query_8	Who likes Philosophy?
query_9	Who likes Alfajores?
query_10	Who likes Blueberries?
query_11	Who likes The Gilded Age?
query_12	Who likes Orchids?
query_13	Who likes Eggplants?
query_14	Who likes the Texas Rangers?
query_15	Who likes Cribbage?
query_16	Who likes Quinoa?
query_17	Who likes Environmental Engineering?
query_18	Who likes Lotteries?
query_19	Who likes Pavements Ants?
query_20	Who likes Cod?
query_21	Who likes Rainbows?
query_22	Who likes Butchers?
query_23	Who likes Eggnog?
query_24	Who likes Wallets?
query_25	Who likes Dryers?
query_26	Who likes Risk?
query_27	Who likes Bagels?
query_28	Who likes Grey Parrots?
query_29	Who likes Cola Soda?
query_30	Who likes Paneer?
query_31	Who likes Hot Chocolate?
query_32	Who likes Armadillos?
query_33	Who likes Juggling?
query_34	Who likes Florists?
query_35	Who likes The Industrial Revolution?
query_36	Who likes Pumpkin Seeds?
query_37	Who likes Rats?
query_38	Who likes Green Peppercorns?
query_39	Who likes Scuba Diving?
query_40	Who likes Caramel Candies?
query_41	Who likes Peonies?
query_42	Who likes Markhors?
query_43	Who likes Pulled Pork?
query_44	Who likes Apple Juice?
query_45	Who likes Woodpeckers?
query_46	Who likes Game Design?
query_47	Who likes Black Tea?
query_48	Who likes Chili?
query_49	Who likes Archery?
query_50	Who likes Mountain Biking?
query_51	Who likes Sage?
query_52	Who likes Upside-Down Cakes?
query_53	Who likes Pad Thai?
query_54	Who likes Swamps?
query_55	Who likes Toads?
query_56	Who likes Solitaire?
query_57	Who likes Coleslaw?
query_58	Who likes Moon Pies?
query_59	Who likes Pecan Pies?
query_60	Who likes Wardrobes?
query_61	Who likes Love?
query_62	Who likes Duct Tape?
query_63	Who likes Turkish Delight?
query_64	Who likes Apple Cider?
query_65	Who likes Egg Noodles?
query_66	Who likes Barnacles?
query_67	Who likes Hematite?
query_68	Who likes Bow Ties?
query_69	Who likes White-tailed Deer?
query_70	Who likes Yeast?
query_71	Who likes Leaf Blowers?
query_72	Who likes the San Diego Padres?
query_73	Who likes White Rice?
query_74	Who likes Video game music?
query_75	Who likes Komodo Dragons?
query_76	Who likes Puzzle Video Games?
query_77	Who likes The Progressive Era?
query_78	Who likes Backgammon?
query_79	Who likes Fire Extinguishers?
query_80	Who likes Kiwis?
query_81	Who likes Adventure Video Games?
query_82	Who likes Legacy?
query_83	Who likes Fossils?
query_84	Who likes the Chicago Cubs?
query_85	Who likes Cloves?
query_86	Who likes Welders?
query_87	Who likes Sugar Gliders?
query_88	Who likes Bath Mats?
query_89	Who likes Luna Moths?
query_90	Who likes Necklaces?
query_91	Who likes Tundra?
query_92	Who likes Sports Video Games?
query_93	Who likes Newts?
query_94	Who likes Clafoutis?
query_95	Who likes the Cincinnati Reds?
query_96	Who likes Track Cycling?
query_97	Who likes Yoga?
query_98	Who likes Daffodils?
query_99	Who likes Ice Cream Sundaes?
query_100	Who likes Belts?
query_101	Who likes the Colorado Rockies?
query_102	Who likes Digital Art?
query_103	Who likes Action Movies?
query_104	Who likes Sculpting?
query_105	Who likes Indie Music?
query_106	Who likes Safety Goggles?
query_107	Who likes The Victorian Era?
query_108	Who likes Mythology?
query_109	Who likes Mice?
query_110	Who likes Macadamia Nuts?
query_111	Who likes Churros?
query_112	Who likes Classics?
query_113	Who likes Screen Printing?
query_114	Who likes Photorealism?
query_115	Who likes Mountains?
query_116	Who likes Whale Sharks?
query_117	Who likes Ravines?
query_118	Who likes Ivy?
query_119	Who likes Lasagna?
query_120	Who likes Ukuleles?
query_121	Who likes Raspberries?
query_122	Who likes Scrabble?
query_123	Who likes Sunset?
query_124	Who likes Public Health?
query_125	Who likes Hummingbirds?
query_126	Who likes Millet?
query_127	Who likes Grease Ants?
query_128	Who likes Pandemic?
query_129	Who likes Papayas?
query_130	Who likes Jalapenos?
query_131	Who likes Coriander?
query_132	Who likes Potato Bread?
query_133	Who likes the Washington Nationals?
query_134	Who likes Muenster?
query_135	Who likes Chinese Five Spice?
query_136	Who likes Swimsuits?
query_137	Who likes Fish and Chips?
query_138	Who likes Animated Movies?
query_139	Who likes Windows?
query_140	Who likes Brown Sugar?
query_141	Who likes Clams?
query_142	Who likes Deep Dish Pizza?
query_143	Who likes Waterfalls?
query_144	Who likes Accordions?
query_145	Who likes Oolong Tea?
query_146	Who likes Relief?
query_147	Who likes Fireflies?
query_148	Who likes The Feeling of a Smooth Stone?
query_149	Who likes Beanies?
query_150	Who likes Obstacle Course Racing?
query_151	Who likes Tai Chi?
query_152	Who likes Star Clusters?
query_153	Who likes The Belle Epoque?
query_154	Who likes Physics?
query_155	Who likes The Feeling of Cool Water?
query_156	Who likes Delight?
query_157	Who likes Anthropology?
query_158	Who likes Hygge?
query_159	Who likes Responsibility?
query_160	Who likes Squirrels?
query_161	Who likes Elevators?
query_162	Who likes Vegetable Oil?
query_163	Who likes Ties?
query_164	Who likes Dippin' Dots?
query_165	Who likes Wallabies?
query_166	Who likes Pork Ribs?
query_167	Who likes Pheasant?
query_168	Who likes Renaissance Art?
query_169	Who likes Pesto?
query_170	Who likes Axolotls?
query_171	Who likes Sea shanties?
query_172	Who likes Violas?
query_173	Who likes Tae Kwon Do?
query_174	Who likes Sudoku Puzzles?
query_175	Who likes Sichuan Peppercorns?
query_176	Who likes Red Bell Peppers?
query_177	Who likes Robins?
query_178	Who likes Post-War Boom?
query_179	Who likes Towels?
query_180	Who likes Scissors?
query_181	Who likes Wrestling?
query_182	Who likes Catfish?
query_183	Who likes Parfaits?
query_184	Who likes Feta Cheese?
query_185	Who likes Oil Painting?
query_186	Who likes Goblin Sharks?
query_187	Who likes Wonder?
query_188	Who likes Rose Quartz?
query_189	Who likes Sewing?
query_190	Who likes Intuition?
query_191	Who likes Patience?
query_192	Who likes Astronomy?
query_193	Who likes Desks?
query_194	Who likes Iced Tea?
query_195	Who likes Mousse?
query_196	Who likes Wisdom?
query_197	Who likes Kickboxing?
query_198	Who likes Rafflesia Flowers?
query_199	Who likes The Sound of Crickets Chirping?
query_200	Who likes Nectarines?
query_201	Who likes Buckwheat?
query_202	Who likes Wabi-sabi?
query_203	Who likes East Asian Calligraphy?
query_204	Who likes Workbenches?
query_205	Who likes Ventriloquism?
query_206	Who likes the New York Yankees?
query_207	Who likes Screwdrivers?
query_208	Who likes Cymbals?
query_209	Who likes Irises?
query_210	Who likes Cantaloupes?
query_211	Who likes Volleyball?
query_212	Who likes The Space Age?
query_213	Who likes Surrealism?
query_214	Who likes Sprinkles?
query_215	Who likes The Age of Discovery?
query_216	Who likes Gardenias?
query_217	Who likes Autonomy?
query_218	Who likes Medical Dramas?
query_219	Who likes Pumpkin Pies?
query_220	Who likes Rhinoceroses?
query_221	Who likes Pitcher Plants?
query_222	Who likes Macaws?
query_223	Who likes Anchovies?
query_224	Who likes the Baltimore Orioles?
query_225	Who likes Turkeys?
query_226	Who likes Synchronized Swimming?
query_227	Who likes Milanos?
query_228	Who likes Frozen Yogurt?
query_229	Who likes Frosting?
query_230	Who likes Backpacking?
query_231	Who likes Astrophotography?
query_232	Who likes Falafel?
query_233	Who likes Poblano Peppers?
query_234	Who likes Economists?
query_235	Who likes Orangutans?
query_236	Who likes Beluga Whales?
query_237	Who likes Folders?
query_238	Who likes Dumbo Octopuses?
query_239	Who likes Chips Ahoy!?
query_240	Who likes Candy Canes?
query_241	Who likes Turmeric?
query_242	Who likes Finches?
query_243	Who likes Beds?
query_244	Who likes Arcade Games?
query_245	Who likes Dustpans?
query_246	Who likes Paint Rollers?
query_247	Who likes the Minnesota Twins?
query_248	Who likes Iron?
query_249	Who likes the Seattle Mariners?
query_250	Who likes Hercules Beetles?
query_251	Who likes Bookbinding?
query_252	Who likes the Arizona Diamondbacks?
query_253	Who likes Journalists?
query_254	Who likes Banjos?
query_255	Who likes Pipefish?
query_256	Who likes Marshes?
query_257	Who likes Paramedics?
query_258	Who likes Platformer Video Games?
query_259	Who likes Mallets?
query_260	Who likes Friendship?
query_261	Who likes Hawks?
query_262	Who likes Foraging?
query_263	Who likes Graphic Design?
query_264	Who likes Yeti Crabs?
query_265	Who likes Documentary Films?
query_266	Who likes Jeans?
query_267	Who likes Flamingos?
query_268	Who likes Wombats?
query_269	Who likes Economics?
query_270	Who likes Basins?
query_271	Who likes Topaz?
query_272	Who likes Optimism?
query_273	Who likes Cashews?
query_274	Who likes Scarves?
query_275	Who likes Sumac?
query_276	Who likes Bocce Ball?
query_277	Who likes Lamps?
query_278	Who likes Coffee Cakes?
query_279	Who likes Mastery?
query_280	Who likes Pianos?
query_281	Who likes Gerbils?
query_282	Who likes Hack Saws?
query_283	Who likes Sneakers?
query_284	Who likes Early Modern Period?
query_285	Who likes Crossword Puzzles?
query_286	Who likes Cowbells?
query_287	Who likes Prepared Mustard?
query_288	Who likes Rainbow Eucalyptus Trees?
query_289	Who likes Ocean Sunfish?
query_290	Who likes Almond Milk?
query_291	Who likes Titan Arums?
query_292	Who likes Romanticism?
query_293	Who likes the Boston Red Sox?
query_294	Who likes Hangers?
query_295	Who likes Lantanas?
query_296	Who likes Emus?
query_297	Who likes Highlighters?
query_298	Who likes Riddles?
query_299	Who likes Icebox Cakes?
query_300	Who likes Naan Bread?
query_301	Who likes Salsa Dip?
query_302	Who likes Fir Trees?
query_303	Who likes Malts?
query_304	Who likes Popcorn?
query_305	Who likes Refrigerators?
query_306	Who likes Harmonicas?
query_307	Who likes Donuts?
query_308	Who likes Handbags?
query_309	Who likes Humility?
query_310	Who likes Eagles?
query_311	Who likes Provolone?
query_312	Who likes Supernovae?
query_313	Who likes Pressure Washers?
query_314	Who likes Smoothies?
query_315	Who likes the San Francisco Giants?
query_316	Who likes Copper?
query_317	Who likes Authors?
query_318	Who likes Clamps?
query_319	Who likes Perseverance?
query_320	Who likes Mashed Potatoes?
query_321	Who likes Souffles?
query_322	Who likes Veggie Straws?
query_323	Who likes Fika?
query_324	Who likes Metronomes?
query_325	Who likes Radishes?
query_326	Who likes Socks?
query_327	Who likes Children's Literature?
query_328	Who likes Political Science?
query_329	Who likes Horseshoe Crabs?
query_330	Who likes Gladiolus?
query_331	Who likes Western Movies?
query_332	Who likes Travelogues?
query_333	Who likes Western Calligraphy?
query_334	Who likes Ambrosia Salads?
query_335	Who likes Generosity?
query_336	Who likes Musicals?
query_337	Who likes Storytelling?
query_338	Who likes Psychology?
query_339	Who likes Symmetry?
query_340	Who likes White Pepper?
query_341	Who likes Flax Seeds?
query_342	Who likes Redwood Trees?
query_343	Who likes Platypuses?
query_344	Who likes Composting?
query_345	Who likes Binturongs?
query_346	Who likes Leeks?
query_347	Who likes Cognitive Science?
query_348	Who likes Bowling?
query_349	Who likes Lagoons?
query_350	Who likes Pharmacology?
query_351	Who likes Sunrise?
query_352	Who likes Ethics?
query_353	Who likes Cacti?
query_354	Who likes Pole Dancing?
query_355	Who likes Sycamore Trees?
query_356	Who likes Ancient Greece?
query_357	Who likes Curling?
query_358	Who likes Sparkling Water?
query_359	Who likes Watermelons?
query_360	Who likes Quokkas?
query_361	Who likes Steak?
query_362	Who likes Overalls?
query_363	Who likes Tapioca Puddings?
query_364	Who likes Maple Trees?
query_365	Who likes Paleontology?
query_366	Who likes Meteorology?
query_367	Who likes Dining Tables?
query_368	Who likes Machinists?
query_369	Who likes Root Beer Soda?
query_370	Who likes Kidney Beans?
query_371	Who likes Cross-stitching?
query_372	Who likes Contentment?
query_373	Who likes Cartography?
query_374	Who likes Playwriting?
query_375	Who likes Stargazing?
query_376	Who likes Tourmaline?
query_377	Who likes Acrylic Painting?
query_378	Who likes Strawberries?
query_379	Who likes Milkshakes?
query_380	Who likes Memoirs?
query_381	Who likes Cobblers?
query_382	Who likes Club Crackers?
query_383	Who likes Autobiographies?
query_384	Who likes Coconut Yogurt?
query_385	Who likes Genetics?
query_386	Who likes Havarti?
query_387	Who likes R&B Music?
query_388	Who likes Zinnias?
query_389	Who likes Cosmic Brownies?
query_390	Who likes Hip Hop Music?
query_391	Who likes Lavash?
query_392	Who likes Calmness?
query_393	Who likes White Chocolate Brownies?
query_394	Who likes Tilapia?
query_395	Who likes Barbershop quartets?
query_396	Who likes Diamonds?
query_397	Who likes The Feeling of Soft Grass?
query_398	Who likes Judo?
query_399	Who likes Dumplings?
query_400	Who likes Teff?
query_401	Who likes Mazes?
query_402	Who likes Matcha Lattes?
query_403	Who likes Elk?
query_404	Who likes Forests?
query_405	Who likes Telestrations?
query_406	Who likes Alpacas?
query_407	Who likes Musicians?
query_408	Who likes Deserts?
query_409	Who likes Boa Constrictors?
query_410	Who likes Aerial Silks?
query_411	Who likes Sketching?
query_412	Who likes Dominoes?
query_413	Who likes Netherland Dwarf Rabbits?
query_414	Who likes Banana Chips?
query_415	Who likes Mushroom Hunting?
query_416	Who likes Marathon Running?
query_417	Who likes Go?
query_418	Who likes the Chicago White Sox?
query_419	Who likes Televisions?
query_420	Who likes Performing Arts Studies?
query_421	Who likes Herbal Tea?
query_422	Who likes Ancient Egypt?
query_423	Who likes Drum Kits?
query_424	Who likes Nail Art?
query_425	Who likes Chemists?
query_426	Who likes Vanilla?
query_427	Who likes Papier-mache?
query_428	Who likes Bookshelves?
query_429	Who likes Limes?
query_430	Who likes Sanders?
query_431	Who likes the Atlanta Falcons?
query_432	Who likes Ocelots?
query_433	Who likes Laundry Baskets?
query_434	Who likes Bongos?
query_435	Who likes Lacrosse?
query_436	Who likes Cuttlefish?
query_437	Who likes Bedroom Curtains?
query_438	Who likes Hairdressers?
query_439	Who likes Tillandsia?
query_440	Who likes Meteors?
query_441	Who likes Vises?
query_442	Who likes Black-eyed Susans?
query_443	Who likes Tiger's Eye?
query_444	Who likes Forestry?
query_445	Who likes Vacuum Cleaners?
query_446	Who likes Hip Hop Dancing?
query_447	Who likes Flow State?
query_448	Who likes Coasters?
query_449	Who likes Praying Mantises?
query_450	Who likes Didgeridoos?
query_451	Who likes Mallards?
query_452	Who likes Sorbet?
query_453	Who likes Amusement?
query_454	Who likes Curiosity?
query_455	Who likes Pencils?
query_456	Who likes Glassblowing?
query_457	Who likes Sitcoms?
query_458	Who likes Venus?
query_459	Who likes Bundt Cakes?
query_460	Who likes Satisfaction?
query_461	Who likes Gospel Music?
query_462	Who likes Mustard Seed?
query_463	Who likes Iceberg Lettuce?
query_464	Who likes Shower Curtains?
query_465	Who likes Barbecue Sauce?
query_466	Who likes Orchid Mantises?
query_467	Who likes Rugby?
query_468	Who likes Milk Chocolate?
query_469	Who likes Fenugreek?
query_470	Who likes Hedgehogs?
query_471	Who likes Cloud Watching?
query_472	Who likes Polo Shirts?
query_473	Who likes The Andromeda Galaxy?
query_474	Who likes Ostriches?
query_475	Who likes Sunglasses?
query_476	Who likes Elephants?
query_477	Who likes Continental Shelves?
query_478	Who likes The Big Dipper?
query_479	Who likes Iguanas?
query_480	Who likes Whoopie Pies?
query_481	Who likes Hazelnut Flavor?
query_482	Who likes The Smell of Rain?
query_483	Who likes Simulation Video Games?
query_484	Who likes Udon Noodles?
query_485	Who likes Skimboarding?
query_486	Who likes Dahlias?
query_487	Who likes Rosy Maple Moths?
query_488	Who likes Quiches?
query_489	Who likes Belonging?
query_490	Who likes Freediving?
query_491	Who likes Equestrianism?
query_492	Who likes Rubies?
query_493	Who likes Trombones?
query_494	Who likes Hoodies?
query_495	Who likes Marshmallows?
query_496	Who likes Pride?
query_497	Who likes Record Players?
query_498	Who likes the Green Bay Packers?
query_499	Who likes Feudal Japan?
query_500	Who likes Baked Potatoes?
query_501	Who likes Grasshoppers?
query_502	Who likes Dragon Fruits?
query_503	Who likes Humpback Whales?
query_504	Who likes The Iron Age?
query_505	Who likes T-shirts?
query_506	Who likes Slushies?
query_507	Who likes Passion Fruits?
query_508	Who likes Umbrellas?
query_509	Who likes Sponge Cakes?
query_510	Who likes Passion Flowers?
query_511	Who likes Crocheting?
query_512	Who likes Magic: The Gathering?
query_513	Who likes Macchiatos?
query_514	Who likes Emeralds?
query_515	Who likes Cinnamon Rolls?
query_516	Who likes Nebulae?
query_517	Who likes Taiga?
query_518	Who likes LARPing?
query_519	Who likes Tumbling?
query_520	Who likes Black Bears?
query_521	Who likes Corn Tortillas?
query_522	Who likes Basketball?
query_523	Who likes Carrot Cakes?
query_524	Who likes Uranus?
query_525	Who likes Caulking Guns?
query_526	Who likes Origami?
query_527	Who likes Ghost Ants?
query_528	Who likes Guacamole?
query_529	Who likes Peridot?
query_530	Who likes Poplar Trees?
query_531	Who likes Drama Literature?
query_532	Who likes Cosplay?
query_533	Who likes Vlogging?
query_534	Who likes English Muffins?
query_535	Who likes Nutter Butters?
query_536	Who likes Old World Fruit Bats?
query_537	Who likes Oats?
query_538	Who likes Warhammer 40?
query_539	Who likes Multigrain Bread?
query_540	Who likes Placemats?
query_541	Who likes Kimchi?
query_542	Who likes Recorders?
query_543	Who likes Monopoly?
query_544	Who likes Potato Chips?
query_545	Who likes Weaving?
query_546	Who likes Sweet Potatoes?
query_547	Who likes The Scent of Flowers?
query_548	Who likes Mystery Literature?
query_549	Who likes Chameleons?
query_550	Who likes Grapefruits?
query_551	Who likes Catan?
query_552	Who likes Trumpets?
query_553	Who likes Neptune?
query_554	Who likes Essays?
query_555	Who likes Fruitcakes?
query_556	Who likes The Game of Life?
query_557	Who likes Albatrosses?
query_558	Who likes Volunteering?
query_559	Who likes Pulsars?
query_560	Who likes Accountants?
query_561	Who likes Arctic Foxes?
query_562	Who likes Prehistory?
query_563	Who likes Glistening Dewdrops?
query_564	Who likes Chipmunks?
query_565	Who likes Bread Puddings?
query_566	Who likes Goldfish Crackers?
query_567	Who likes Gecko Lizards?
query_568	Who likes the Miami Marlins?
query_569	Who likes Aerospace Engineering?
query_570	Who likes Criminology?
query_571	Who likes Boxing?
query_572	Who likes Radios?
query_573	Who likes Serendipity?
query_574	Who likes Late Antiquity?
query_575	Who likes Battleship?
query_576	Who likes Green Bell Peppers?
query_577	Who likes Word Searches?
query_578	Who likes Macaroni and Cheese?
query_579	Who likes Sweaters?
query_580	Who likes Anglerfish?
query_581	Who likes Ramen?
query_582	Who likes Peas?
query_583	Who likes Botany?
query_584	Who likes Chemical Engineering?
query_585	Who likes Teamwork?
query_586	Who likes Pocket Watches?
query_587	Who likes Dressers?
query_588	Who likes Clothing Irons?
query_589	Who likes Sailing?
query_590	Who likes Metalworking?
query_591	Who likes Notebooks?
query_592	Who likes Popsicles?
query_593	Who likes Celery with peanut butter?
query_594	Who likes Sparrows?
query_595	Who likes Euchre?
query_596	Who likes Blue Cheese?
query_597	Who likes Speed Skating?
query_598	Who likes Linzer Tortes?
query_599	Who likes Ground Beef?
query_600	Who likes Pork Chops?
query_601	Who likes French Horns?
query_602	Who likes Jade?
query_603	Who likes Confidence?
query_604	Who likes Sweet Muffins?
query_605	Who likes Ferns?
query_606	Who likes Coaches?
query_607	Who likes Ballroom Dancing?
query_608	Who likes Sesame Seeds?
query_609	Who likes Saxophones?
query_610	Who likes Opera?
query_611	Who likes Empathy?
query_612	Who likes Pound Cakes?
query_613	Who likes Screenwriting?
query_614	Who likes Trout?
query_615	Who likes Paella?
query_616	Who likes Picture Frames?
query_617	Who likes Zip Ties?
query_618	Who likes Beachcombing?
query_619	Who likes Sardines?
query_620	Who likes Bamboo?
query_621	Who likes Humor?
query_622	Who likes Clouds?
query_623	Who likes Sandals?
query_624	Who likes Meat Lovers Pizza?
query_625	Who likes Oatmeal Raisin Cookies?
query_626	Who likes Sweet Onions?
query_627	Who likes Nature Journaling?
query_628	Who likes Amplifiers?
query_629	Who likes Tofu?
query_630	Who likes Celery Seed?
query_631	Who likes Orange Soda?
query_632	Who likes Seahorses?
query_633	Who likes the Oakland Athletics?
query_634	Who likes Caramel Sauce?
query_635	Who likes Tortoises?
query_636	Who likes Architectural Photography?
query_637	Who likes Sugar Cookies?
query_638	Who likes Roller Skating?
query_639	Who likes Corn Flakes?
query_640	Who likes Environmental Science?
query_641	Who likes Dill?
query_642	Who likes Capybaras?
query_643	Who likes Geese?
query_644	Who likes Catnip?
query_645	Who likes Sheep?
query_646	Who likes Salmon?
query_647	Who likes Cheerleading?
query_648	Who likes Chewing Gum?
query_649	Who likes Growth?
query_650	Who likes The Feeling of Warm Sand?
query_651	Who likes Broccoli?
query_652	Who likes Coconut Macaroons?
query_653	Who likes Flan?
query_654	Who likes Cicadas?
query_655	Who likes Chives?
query_656	Who likes Vaporwave?
query_657	Who likes Kitesurfing?
query_658	Who likes Trifles?
query_659	Who likes Patterns?
query_660	Who likes Pliers?
query_661	Who likes the Tampa Bay Rays?
query_662	Who likes Block Printing?
query_663	Who likes Stick Insects?
query_664	Who likes Mules?
query_665	Who likes Ovens?
query_666	Who likes Having a snowball fight?
query_667	Who likes Scrambled Eggs?
query_668	Who likes Homebrewing?
query_669	Who likes Centipedes?
query_670	Who likes Sea Anemones?
query_671	Who likes Rattlesnakes?
query_672	Who likes Cocoa Powder?
query_673	Who likes Bassoons?
query_674	Who likes Stair Climbing?
query_675	Who likes Garbanzo Beans?
query_676	Who likes Chai Tea?
query_677	Who likes Spruce Trees?
query_678	Who likes Northern Cardinals?
query_679	Who likes Biscotti?
query_680	Who likes Chefs?
query_681	Who likes Rice Krispie Treats?
query_682	Who likes Willow Trees?
query_683	Who likes Tuxedos?
query_684	Who likes The Digital Age?
query_685	Who likes Mangoes?
query_686	Who likes Ice Cream Cones?
query_687	Who likes Red Wolves?
query_688	Who likes Manta Rays?
query_689	Who likes A cappella music?
query_690	Who likes Begonias?
query_691	Who likes Tortilla Chips?
query_692	Who likes Calamari?
query_693	Who likes Jigsaw Puzzles?
query_694	Who likes Fire Ants?
query_695	Who likes Banyan Trees?
query_696	Who likes Fennel?
query_697	Who likes Fairy Tales?
query_698	Who likes Tacos?
query_699	Who likes Shasta Daisies?
query_700	Who likes Windsurfing?
query_701	Who likes Tarts?
query_702	Who likes Cappuccinos?
query_703	Who likes Hermit Crabs?
query_704	Who likes Geology?
query_705	Who likes Phase 10?
query_706	Who likes Cornstarch?
query_707	Who likes Blankets?
query_708	Who likes Financiers?
query_709	Who likes Sapphires?
query_710	Who likes Violins?
query_711	Who likes Tuna Salads?
query_712	Who likes Pygmy Rabbits?
query_713	Who likes Sci-Fi Movies?
query_714	Who likes Granola Bars?
query_715	Who likes Cherry Blossom Trees?
query_716	Who likes Nostalgia?
query_717	Who likes Petunias?
query_718	Who likes 3D Modeling?
query_719	Who likes Darts?
query_720	Who likes Acrobatics?
query_721	Who likes Cellos?
query_722	Who likes Salsa Dancing?
query_723	Who likes Aerobics?
query_724	Who likes Soap Making?
query_725	Who likes Fruit Snacks?
query_726	Who likes Cool Breezes?
query_727	Who likes Spring Rolls?
query_728	Who likes Giraffes?
query_729	Who likes Kingfishers?
query_730	Who likes Honey?
query_731	Who likes Courage?
query_732	Who likes Marmalade?
query_733	Who likes Clocks?
query_734	Who likes Auroras?
query_735	Who likes BMX Biking?
query_736	Who likes Tailors?
query_737	Who likes the Los Angeles Rams?
query_738	Who likes Music Production?
query_739	Who likes Hoopoes?
query_740	Who likes Tie-dye?
query_741	Who likes Bingo?
query_742	Who likes Filmmaking?
query_743	Who likes Pickles?
query_744	Who likes Planetary Rings?
query_745	Who likes Balconies?
query_746	Who likes Mixology?
query_747	Who likes Rex Rabbit?
query_748	Who likes Plums?
query_749	Who likes The Ottoman Empire?
query_750	Who likes Caracals?
query_751	Who likes Ghee?
query_752	Who likes Farmers?
query_753	Who likes Mathematics?
query_754	Who likes Buttes?
query_755	Who likes Mahjong?
query_756	Who likes Vests?
query_757	Who likes Speakers?
query_758	Who likes Etching?
query_759	Who likes Bigfin Reef Squids?
query_760	Who likes Fusilli?
query_761	Who likes Oceanic Trenches?
query_762	Who likes Soccer?
query_763	Who likes Sausages?
query_764	Who likes Magnet Fishing?
query_765	Who likes Roses?
query_766	Who likes New-age music?
query_767	Who likes Mayonnaise?
query_768	Who likes Visiting National Parks?
query_769	Who likes Pomegranates?
query_770	Who likes The Inca Empire?
query_771	Who likes Ice Hockey?
query_772	Who likes Zebra Cakes?
query_773	Who likes Codenames?
query_774	Who likes Wood Carving?
query_775	Who likes Flemish Giants?
query_776	Who likes Social Work?
query_777	Who likes Clover?
query_778	Who likes CD Players?
query_779	Who likes Barley?
query_780	Who likes Blacksmiths?
query_781	Who likes Symphonies?
query_782	Who likes Fried Eggs?
query_783	Who likes Marzipan?
query_784	Who likes Mittens?
query_785	Who likes Stand-up Paddleboarding?
query_786	Who likes Strudels?
query_787	Who likes Baroque Music?
query_788	Who likes Horror Movies?
query_789	Who likes Chervil?
query_790	Who likes Wrenches?
query_791	Who likes Bleeding Hearts?
query_792	Who likes Carcassonne?
query_793	Who likes Bushcraft?
query_794	Who likes Conga Drums?
query_795	Who likes Tempeh?
query_796	Who likes Comedy Movies?
query_797	Who likes Synthesizers?
query_798	Who likes Koalas?
query_799	Who likes Triathlons?
query_800	Who likes Solitude?
query_801	Who likes Green Tea?
query_802	Who likes Penguins?
query_803	Who likes Sea Otters?
query_804	Who likes Nurses?
query_805	Who likes Water Polo?
query_806	Who likes Tambourines?
query_807	Who likes Atolls?
query_808	Who likes Leggings?
query_809	Who likes Crumbles?
query_810	Who likes Metal Detecting?
query_811	Who likes Relaxation?
query_812	Who likes Wood Burning?
query_813	Who likes Okapi?
query_814	Who likes Corn Snakes?
query_815	Who likes Thin Mints?
query_816	Who likes Omelettes?
query_817	Who likes Pansies?
query_818	Who likes Gin Rummy?
query_819	Who likes Cotton Candy?
query_820	Who likes Goliath Beetles?
query_821	Who likes Cedar Trees?
query_822	Who likes Chrysanthemums?
query_823	Who likes Creme Brulee?
query_824	Who likes Fishing?
query_825	Who likes Mandolins?
query_826	Who likes Goulash?
query_827	Who likes Kindness?
query_828	Who likes Interior Design?
query_829	Who likes Chairs?
query_830	Who likes Rubik's Cubes?
query_831	Who likes Mirrors?
query_832	Who likes Lifeguards?
query_833	Who likes Ash Trees?
query_834	Who likes Rye Bread?
query_835	Who likes the Carolina Panthers?
query_836	Who likes Romaine Lettuce?
query_837	Who likes Spider Plants?
query_838	Who likes Mechanics?
query_839	Who likes Hammerhead Sharks?
query_840	Who likes Visiting Aquariums?
query_841	Who likes Beavers?
query_842	Who likes Cricket?
query_843	Who likes Puffins?
query_844	Who likes Pop Art?
query_845	Who likes Yo-yos?
query_846	Who likes Asafoetida?
query_847	Who likes Lawn Mowers?
query_848	Who likes Echidnas?
query_849	Who likes Lakes?
query_850	Who likes Wolverines?
query_851	Who likes Cypress Trees?
query_852	Who likes Toolboxes?
query_853	Who likes River Deltas?
query_854	Who likes Marjoram?
query_855	Who likes Family Movies?
query_856	Who likes Collaboration?
query_857	Who likes Fugues?
query_858	Who likes Poppies?
query_859	Who likes Envelopes?
query_860	Who likes Fashion Photography?
query_861	Who likes Lobsters?
query_862	Who likes Poached Eggs?
query_863	Who likes Secretarybirds?
query_864	Who likes Black Beans?
query_865	Who likes Software Developers?
query_866	Who likes Stingrays?
query_867	Who likes Smartphones?
query_868	Who likes Immunology?
query_869	Who likes The Information Age?
query_870	Who likes Dragon's Blood Trees?
query_871	Who likes Fashion Design?
query_872	Who likes The Aztec Empire?
query_873	Who likes Fishers?
query_874	Who likes Stained Glass?
query_875	Who likes Role-Playing Video Games?
query_876	Who likes Asparagus?
query_877	Who likes Caves?
query_878	Who likes Ladders?
query_879	Who likes Persimmons?
query_880	Who likes Playfulness?
query_881	Who likes Baobab Trees?
query_882	Who likes Fauvism?
query_883	Who likes Raincoats?
query_884	Who likes Charades?
query_885	Who likes Bass Guitars?
query_886	Who likes The Hanseatic League?
query_887	Who likes The Sound of a Babbling Brook?
query_888	Who likes Rosemary?
query_889	Who likes Thyme?
query_890	Who likes Nutty Buddies?
query_891	Who likes Malachite?
query_892	Who likes Cubism?
query_893	Who likes Coneflowers?
query_894	Who likes Red Pandas?
query_895	Who likes Cliffs?
query_896	Who likes Scones?
query_897	Who likes the Washington Commanders?
query_898	Who likes the Kansas City Royals?
query_899	Who likes Police Procedurals?
query_900	Who likes Angel Food Cakes?
query_901	Who likes The Scent of Baking Bread?
query_902	Who likes Apple Pies?
query_903	Who likes Affection?
query_904	Who likes Guppies?
query_905	Who likes Star Anise?
query_906	Who likes Citrine?
query_907	Who likes Historians?
query_908	Who likes Crepes?
query_909	Who likes Lychees?
query_910	Who likes Magic Tricks?
query_911	Who likes Curries?
query_912	Who likes the Chicago Bears?
query_913	Who likes Romance Literature?
query_914	Who likes Art Deco?
query_915	Who likes Routers?
query_916	Who likes Injera?
query_917	Who likes Frisson?
query_918	Who likes Plains?
query_919	Who likes Arugula?
query_920	Who likes Snowshoeing?
query_921	Who likes Fossil Hunting?
query_922	Who likes Romantic Music?
query_923	Who likes Porcupines?
query_924	Who likes Seitan?
query_925	Who likes Food Coloring?
query_926	Who likes Jupiter?
query_927	Who likes Isthmuses?
query_928	Who likes Spaghetti Squash?
query_929	Who likes Haddock?
query_930	Who likes Salamanders?
query_931	Who likes Pointillism?
query_932	Who likes Oregano?
query_933	Who likes Apricots?
query_934	Who likes Rice Noodles?
query_935	Who likes Enthusiasm?
query_936	Who likes The Scent of a Campfire?
query_937	Who likes Art History?
query_938	Who likes Santa's Reindeer?
query_939	Who likes Xylophones?
query_940	Who likes Agate?
query_941	Who likes Education?
query_942	Who likes Ceviche?
query_943	Who likes Shepherd's Pies?
query_944	Who likes Street Photography?
query_945	Who likes Slide Rules?
query_946	Who likes Moose?
query_947	Who likes Mathematicians?
query_948	Who likes Comets?
query_949	Who likes Batik?
query_950	Who likes Putty Knives?
query_951	Who likes Beaches?
query_952	Who likes Pothos?
query_953	Who likes Cranberries?
query_954	Who likes Pangolins?
query_955	Who likes Homesteading?
query_956	Who likes Mars?
query_957	Who likes Pyrite?
query_958	Who likes Bulldog Bats?
query_959	Who likes Pineapple Juice?
query_960	Who likes Sandbox Video Games?
query_961	Who likes Firefighters?
query_962	Who likes Calisthenics?
query_963	Who likes Meditation?
query_964	Who likes Turquoise?
query_965	Who likes Statistics?
query_966	Who likes Respect?
query_967	Who likes Snow?
query_968	Who likes Sloths?
query_969	Who likes Organization?
query_970	Who likes Futurism?
query_971	Who likes Gouda?
query_972	Who likes Honeydew Melons?
query_973	Who likes Nautiluses?
query_974	Who likes Card Making?
query_975	Who likes Glasswing Butterflies?
query_976	Who likes Wild Rice?
query_977	Who likes Ginkgo Trees?
query_978	Who likes Printers?
query_979	Who likes Synchronicity?
query_980	Who likes Bee-eaters?
query_981	Who likes the Milwaukee Brewers?
query_982	Who likes Oatmeal Creme Pies?
query_983	Who likes Blogging?
query_984	Who likes Hope?
query_985	Who likes Mops?
query_986	Who likes Spinach?
query_987	Who likes Hornbills?
query_988	Who likes Cannoli?
query_989	Who likes Argentine Ants?
query_990	Who likes Agriculture Science?
query_991	Who likes Soy Sauce?
query_992	Who likes Longboarding?
query_993	Who likes Barbers?
query_994	Who likes Potter Wasps?
query_995	Who likes Cream Puffs?
query_996	Who likes Conceptual Art?
query_997	Who likes the New York Mets?
query_998	Who likes Blues Music?
query_999	Who likes Horses?
